pk	depth_id	file
1	d001	dv1_d001_p1_b.jpg
2	d001	dv1_d001_p2_a.jpg
3	d001	dv1_d001_p3_c.jpg
4	d001	dv1_d001_p4_e.jpg
5	d002	dv1_d002_p1_a.jpg
6	d002	dv1_d002_p2_e.jpg
7	d002	dv1_d002_p3_c.jpg
8	d002	dv1_d002_p4_b.jpg
9	d003	dv1_d003_p1_c.jpg
10	d003	dv1_d003_p2_e.jpg
11	d003	dv1_d003_p3_a.jpg
12	d003	dv1_d003_p4_b.jpg
13	d004	dv1_d004_p1_c.jpg
14	d004	dv1_d004_p2_e.jpg
15	d004	dv1_d004_p3_b.jpg
16	d004	dv1_d004_p4_a.jpg
17	d005	dv1_d005_p1_e.jpg
18	d005	dv1_d005_p2_a.jpg
19	d005	dv1_d005_p3_c.jpg
20	d005	dv1_d005_p4_b.jpg
21	d006	dv1_d006_p1_c.jpg
22	d006	dv1_d006_p2_b.jpg
23	d006	dv1_d006_p3_e.jpg
24	d006	dv1_d006_p4_a.jpg
25	d007	dv1_d007_p1_b.jpg
26	d007	dv1_d007_p2_e.jpg
27	d007	dv1_d007_p3_c.jpg
28	d007	dv1_d007_p4_a.jpg
29	d008	dv1_d008_p1_b.jpg
30	d008	dv1_d008_p2_a.jpg
31	d008	dv1_d008_p3_e.jpg
32	d008	dv1_d008_p4_c.jpg
33	d009	dv1_d009_p1_a.jpg
34	d009	dv1_d009_p2_c.jpg
35	d009	dv1_d009_p3_e.jpg
36	d009	dv1_d009_p4_b.jpg
37	d010	dv1_d010_p1_a.jpg
38	d010	dv1_d010_p2_b.jpg
39	d010	dv1_d010_p3_e.jpg
40	d010	dv1_d010_p4_c.jpg
41	d011	dv1_d011_p1_b.jpg
42	d011	dv1_d011_p2_c.jpg
43	d011	dv1_d011_p3_a.jpg
44	d011	dv1_d011_p4_e.jpg
45	d012	dv1_d012_p1_c.jpg
46	d012	dv1_d012_p2_e.jpg
47	d012	dv1_d012_p3_b.jpg
48	d012	dv1_d012_p4_a.jpg
49	d013	dv1_d013_p1_e.jpg
50	d013	dv1_d013_p2_a.jpg
51	d013	dv1_d013_p3_b.jpg
52	d013	dv1_d013_p4_c.jpg
53	d014	dv1_d014_p1_b.jpg
54	d014	dv1_d014_p2_e.jpg
55	d014	dv1_d014_p3_c.jpg
56	d014	dv1_d014_p4_a.jpg
57	d015	dv1_d015_p1_c.jpg
58	d015	dv1_d015_p2_b.jpg
59	d015	dv1_d015_p3_a.jpg
60	d015	dv1_d015_p4_e.jpg
61	d016	dv1_d016_p1_c.jpg
62	d016	dv1_d016_p2_e.jpg
63	d016	dv1_d016_p3_a.jpg
64	d016	dv1_d016_p4_b.jpg
65	d017	dv1_d017_p1_e.jpg
66	d017	dv1_d017_p2_b.jpg
67	d017	dv1_d017_p3_c.jpg
68	d017	dv1_d017_p4_a.jpg
69	d018	dv1_d018_p1_a.jpg
70	d018	dv1_d018_p2_b.jpg
71	d018	dv1_d018_p3_e.jpg
72	d018	dv1_d018_p4_c.jpg
73	d019	dv1_d019_p1_c.jpg
74	d019	dv1_d019_p2_e.jpg
75	d019	dv1_d019_p3_b.jpg
76	d019	dv1_d019_p4_a.jpg
77	d020	dv1_d020_p1_e.jpg
78	d020	dv1_d020_p2_b.jpg
79	d020	dv1_d020_p3_a.jpg
80	d020	dv1_d020_p4_c.jpg
81	d021	dv1_d021_p1_a.jpg
82	d021	dv1_d021_p2_e.jpg
83	d021	dv1_d021_p3_b.jpg
84	d021	dv1_d021_p4_c.jpg
85	d022	dv1_d022_p1_c.jpg
86	d022	dv1_d022_p2_e.jpg
87	d022	dv1_d022_p3_b.jpg
88	d022	dv1_d022_p4_a.jpg
89	d023	dv1_d023_p1_c.jpg
90	d023	dv1_d023_p2_b.jpg
91	d023	dv1_d023_p3_e.jpg
92	d023	dv1_d023_p4_a.jpg
93	d024	dv1_d024_p1_b.jpg
94	d024	dv1_d024_p2_a.jpg
95	d024	dv1_d024_p3_c.jpg
96	d024	dv1_d024_p4_e.jpg
97	d025	dv1_d025_p1_c.jpg
98	d025	dv1_d025_p2_a.jpg
99	d025	dv1_d025_p3_b.jpg
100	d025	dv1_d025_p4_e.jpg
101	d026	dv1_d026_p1_a.jpg
102	d026	dv1_d026_p2_c.jpg
103	d026	dv1_d026_p3_e.jpg
104	d026	dv1_d026_p4_b.jpg
105	d027	dv1_d027_p1_a.jpg
106	d027	dv1_d027_p2_e.jpg
107	d027	dv1_d027_p3_c.jpg
108	d027	dv1_d027_p4_b.jpg
109	d028	dv1_d028_p1_c.jpg
110	d028	dv1_d028_p2_a.jpg
111	d028	dv1_d028_p3_b.jpg
112	d028	dv1_d028_p4_e.jpg
113	d029	dv1_d029_p1_c.jpg
114	d029	dv1_d029_p2_b.jpg
115	d029	dv1_d029_p3_a.jpg
116	d029	dv1_d029_p4_e.jpg
117	d030	dv1_d030_p1_a.jpg
118	d030	dv1_d030_p2_e.jpg
119	d030	dv1_d030_p3_b.jpg
120	d030	dv1_d030_p4_c.jpg
121	d031	dv1_d031_p1_e.jpg
122	d031	dv1_d031_p2_a.jpg
123	d031	dv1_d031_p3_b.jpg
124	d031	dv1_d031_p4_c.jpg
125	d032	dv1_d032_p1_e.jpg
126	d032	dv1_d032_p2_b.jpg
127	d032	dv1_d032_p3_c.jpg
128	d032	dv1_d032_p4_a.jpg
129	d033	dv1_d033_p1_b.jpg
130	d033	dv1_d033_p2_e.jpg
131	d033	dv1_d033_p3_c.jpg
132	d033	dv1_d033_p4_a.jpg
133	d034	dv1_d034_p1_b.jpg
134	d034	dv1_d034_p2_e.jpg
135	d034	dv1_d034_p3_a.jpg
136	d034	dv1_d034_p4_c.jpg
137	d035	dv1_d035_p1_a.jpg
138	d035	dv1_d035_p2_e.jpg
139	d035	dv1_d035_p3_b.jpg
140	d035	dv1_d035_p4_c.jpg
141	d036	dv1_d036_p1_b.jpg
142	d036	dv1_d036_p2_c.jpg
143	d036	dv1_d036_p3_e.jpg
144	d036	dv1_d036_p4_a.jpg
145	d037	dv1_d037_p1_a.jpg
146	d037	dv1_d037_p2_c.jpg
147	d037	dv1_d037_p3_e.jpg
148	d037	dv1_d037_p4_b.jpg
149	d038	dv1_d038_p1_e.jpg
150	d038	dv1_d038_p2_c.jpg
151	d038	dv1_d038_p3_b.jpg
152	d038	dv1_d038_p4_a.jpg
153	d039	dv1_d039_p1_c.jpg
154	d039	dv1_d039_p2_a.jpg
155	d039	dv1_d039_p3_b.jpg
156	d039	dv1_d039_p4_e.jpg
157	d040	dv1_d040_p1_a.jpg
158	d040	dv1_d040_p2_e.jpg
159	d040	dv1_d040_p3_c.jpg
160	d040	dv1_d040_p4_b.jpg
161	d041	dv1_d041_p1_c.jpg
162	d041	dv1_d041_p2_e.jpg
163	d041	dv1_d041_p3_a.jpg
164	d041	dv1_d041_p4_b.jpg
165	d042	dv1_d042_p1_b.jpg
166	d042	dv1_d042_p2_a.jpg
167	d042	dv1_d042_p3_e.jpg
168	d042	dv1_d042_p4_c.jpg
169	d043	dv1_d043_p1_b.jpg
170	d043	dv1_d043_p2_a.jpg
171	d043	dv1_d043_p3_e.jpg
172	d043	dv1_d043_p4_c.jpg
173	d044	dv1_d044_p1_a.jpg
174	d044	dv1_d044_p2_c.jpg
175	d044	dv1_d044_p3_e.jpg
176	d044	dv1_d044_p4_b.jpg
177	d045	dv1_d045_p1_b.jpg
178	d045	dv1_d045_p2_e.jpg
179	d045	dv1_d045_p3_c.jpg
180	d045	dv1_d045_p4_a.jpg
181	d046	dv1_d046_p1_b.jpg
182	d046	dv1_d046_p2_e.jpg
183	d046	dv1_d046_p3_c.jpg
184	d046	dv1_d046_p4_a.jpg
185	d047	dv1_d047_p1_c.jpg
186	d047	dv1_d047_p2_b.jpg
187	d047	dv1_d047_p3_a.jpg
188	d047	dv1_d047_p4_e.jpg
189	d048	dv1_d048_p1_e.jpg
190	d048	dv1_d048_p2_c.jpg
191	d048	dv1_d048_p3_b.jpg
192	d048	dv1_d048_p4_a.jpg
193	d049	dv1_d049_p1_c.jpg
194	d049	dv1_d049_p2_a.jpg
195	d049	dv1_d049_p3_b.jpg
196	d049	dv1_d049_p4_e.jpg
197	d050	dv1_d050_p1_e.jpg
198	d050	dv1_d050_p2_b.jpg
199	d050	dv1_d050_p3_a.jpg
200	d050	dv1_d050_p4_c.jpg
201	d051	dv1_d051_p1_a.jpg
202	d051	dv1_d051_p2_b.jpg
203	d051	dv1_d051_p3_e.jpg
204	d051	dv1_d051_p4_c.jpg
205	d052	dv1_d052_p1_c.jpg
206	d052	dv1_d052_p2_a.jpg
207	d052	dv1_d052_p3_b.jpg
208	d052	dv1_d052_p4_e.jpg