old;new
dv1_d001_p1_b.jpg;dv1_d001_b.jpg
dv1_d001_p2_a.jpg;dv1_d001_a.jpg
dv1_d001_p3_c.jpg;dv1_d001_c.jpg
dv1_d001_p4_e.jpg;dv1_d001_e.jpg
dv1_d002_p1_a.jpg;dv1_d002_a.jpg
dv1_d002_p2_e.jpg;dv1_d002_e.jpg
dv1_d002_p3_c.jpg;dv1_d002_c.jpg
dv1_d002_p4_b.jpg;dv1_d002_b.jpg
dv1_d003_p1_c.jpg;dv1_d003_c.jpg
dv1_d003_p2_e.jpg;dv1_d003_e.jpg
dv1_d003_p3_a.jpg;dv1_d003_a.jpg
dv1_d003_p4_b.jpg;dv1_d003_b.jpg
dv1_d004_p1_c.jpg;dv1_d004_c.jpg
dv1_d004_p2_e.jpg;dv1_d004_e.jpg
dv1_d004_p3_b.jpg;dv1_d004_b.jpg
dv1_d004_p4_a.jpg;dv1_d004_a.jpg
dv1_d005_p1_e.jpg;dv1_d005_e.jpg
dv1_d005_p2_a.jpg;dv1_d005_a.jpg
dv1_d005_p3_c.jpg;dv1_d005_c.jpg
dv1_d005_p4_b.jpg;dv1_d005_b.jpg
dv1_d006_p1_c.jpg;dv1_d006_c.jpg
dv1_d006_p2_b.jpg;dv1_d006_b.jpg
dv1_d006_p3_e.jpg;dv1_d006_e.jpg
dv1_d006_p4_a.jpg;dv1_d006_a.jpg
dv1_d007_p1_b.jpg;dv1_d007_b.jpg
dv1_d007_p2_e.jpg;dv1_d007_e.jpg
dv1_d007_p3_c.jpg;dv1_d007_c.jpg
dv1_d007_p4_a.jpg;dv1_d007_a.jpg
dv1_d008_p1_b.jpg;dv1_d008_b.jpg
dv1_d008_p2_a.jpg;dv1_d008_a.jpg
dv1_d008_p3_e.jpg;dv1_d008_e.jpg
dv1_d008_p4_c.jpg;dv1_d008_c.jpg
dv1_d009_p1_a.jpg;dv1_d009_a.jpg
dv1_d009_p2_c.jpg;dv1_d009_c.jpg
dv1_d009_p3_e.jpg;dv1_d009_e.jpg
dv1_d009_p4_b.jpg;dv1_d009_b.jpg
dv1_d010_p1_a.jpg;dv1_d010_a.jpg
dv1_d010_p2_b.jpg;dv1_d010_b.jpg
dv1_d010_p3_e.jpg;dv1_d010_e.jpg
dv1_d010_p4_c.jpg;dv1_d010_c.jpg
dv1_d011_p1_b.jpg;dv1_d011_b.jpg
dv1_d011_p2_c.jpg;dv1_d011_c.jpg
dv1_d011_p3_a.jpg;dv1_d011_a.jpg
dv1_d011_p4_e.jpg;dv1_d011_e.jpg
dv1_d012_p1_c.jpg;dv1_d012_c.jpg
dv1_d012_p2_e.jpg;dv1_d012_e.jpg
dv1_d012_p3_b.jpg;dv1_d012_b.jpg
dv1_d012_p4_a.jpg;dv1_d012_a.jpg
dv1_d013_p1_e.jpg;dv1_d013_e.jpg
dv1_d013_p2_a.jpg;dv1_d013_a.jpg
dv1_d013_p3_b.jpg;dv1_d013_b.jpg
dv1_d013_p4_c.jpg;dv1_d013_c.jpg
dv1_d014_p1_b.jpg;dv1_d014_b.jpg
dv1_d014_p2_e.jpg;dv1_d014_e.jpg
dv1_d014_p3_c.jpg;dv1_d014_c.jpg
dv1_d014_p4_a.jpg;dv1_d014_a.jpg
dv1_d015_p1_c.jpg;dv1_d015_c.jpg
dv1_d015_p2_b.jpg;dv1_d015_b.jpg
dv1_d015_p3_a.jpg;dv1_d015_a.jpg
dv1_d015_p4_e.jpg;dv1_d015_e.jpg
dv1_d016_p1_c.jpg;dv1_d016_c.jpg
dv1_d016_p2_e.jpg;dv1_d016_e.jpg
dv1_d016_p3_a.jpg;dv1_d016_a.jpg
dv1_d016_p4_b.jpg;dv1_d016_b.jpg
dv1_d017_p1_e.jpg;dv1_d017_e.jpg
dv1_d017_p2_b.jpg;dv1_d017_b.jpg
dv1_d017_p3_c.jpg;dv1_d017_c.jpg
dv1_d017_p4_a.jpg;dv1_d017_a.jpg
dv1_d018_p1_a.jpg;dv1_d018_a.jpg
dv1_d018_p2_b.jpg;dv1_d018_b.jpg
dv1_d018_p3_e.jpg;dv1_d018_e.jpg
dv1_d018_p4_c.jpg;dv1_d018_c.jpg
dv1_d019_p1_c.jpg;dv1_d019_c.jpg
dv1_d019_p2_e.jpg;dv1_d019_e.jpg
dv1_d019_p3_b.jpg;dv1_d019_b.jpg
dv1_d019_p4_a.jpg;dv1_d019_a.jpg
dv1_d020_p1_e.jpg;dv1_d020_e.jpg
dv1_d020_p2_b.jpg;dv1_d020_b.jpg
dv1_d020_p3_a.jpg;dv1_d020_a.jpg
dv1_d020_p4_c.jpg;dv1_d020_c.jpg
dv1_d021_p1_a.jpg;dv1_d021_a.jpg
dv1_d021_p2_e.jpg;dv1_d021_e.jpg
dv1_d021_p3_b.jpg;dv1_d021_b.jpg
dv1_d021_p4_c.jpg;dv1_d021_c.jpg
dv1_d022_p1_c.jpg;dv1_d022_c.jpg
dv1_d022_p2_e.jpg;dv1_d022_e.jpg
dv1_d022_p3_b.jpg;dv1_d022_b.jpg
dv1_d022_p4_a.jpg;dv1_d022_a.jpg
dv1_d023_p1_c.jpg;dv1_d023_c.jpg
dv1_d023_p2_b.jpg;dv1_d023_b.jpg
dv1_d023_p3_e.jpg;dv1_d023_e.jpg
dv1_d023_p4_a.jpg;dv1_d023_a.jpg
dv1_d024_p1_b.jpg;dv1_d024_b.jpg
dv1_d024_p2_a.jpg;dv1_d024_a.jpg
dv1_d024_p3_c.jpg;dv1_d024_c.jpg
dv1_d024_p4_e.jpg;dv1_d024_e.jpg
dv1_d025_p1_c.jpg;dv1_d025_c.jpg
dv1_d025_p2_a.jpg;dv1_d025_a.jpg
dv1_d025_p3_b.jpg;dv1_d025_b.jpg
dv1_d025_p4_e.jpg;dv1_d025_e.jpg
dv1_d026_p1_a.jpg;dv1_d026_a.jpg
dv1_d026_p2_c.jpg;dv1_d026_c.jpg
dv1_d026_p3_e.jpg;dv1_d026_e.jpg
dv1_d026_p4_b.jpg;dv1_d026_b.jpg
dv1_d027_p1_a.jpg;dv1_d027_a.jpg
dv1_d027_p2_e.jpg;dv1_d027_e.jpg
dv1_d027_p3_c.jpg;dv1_d027_c.jpg
dv1_d027_p4_b.jpg;dv1_d027_b.jpg
dv1_d028_p1_c.jpg;dv1_d028_c.jpg
dv1_d028_p2_a.jpg;dv1_d028_a.jpg
dv1_d028_p3_b.jpg;dv1_d028_b.jpg
dv1_d028_p4_e.jpg;dv1_d028_e.jpg
dv1_d029_p1_c.jpg;dv1_d029_c.jpg
dv1_d029_p2_b.jpg;dv1_d029_b.jpg
dv1_d029_p3_a.jpg;dv1_d029_a.jpg
dv1_d029_p4_e.jpg;dv1_d029_e.jpg
dv1_d030_p1_a.jpg;dv1_d030_a.jpg
dv1_d030_p2_e.jpg;dv1_d030_e.jpg
dv1_d030_p3_b.jpg;dv1_d030_b.jpg
dv1_d030_p4_c.jpg;dv1_d030_c.jpg
dv1_d031_p1_e.jpg;dv1_d031_e.jpg
dv1_d031_p2_a.jpg;dv1_d031_a.jpg
dv1_d031_p3_b.jpg;dv1_d031_b.jpg
dv1_d031_p4_c.jpg;dv1_d031_c.jpg
dv1_d032_p1_e.jpg;dv1_d032_e.jpg
dv1_d032_p2_b.jpg;dv1_d032_b.jpg
dv1_d032_p3_c.jpg;dv1_d032_c.jpg
dv1_d032_p4_a.jpg;dv1_d032_a.jpg
dv1_d033_p1_b.jpg;dv1_d033_b.jpg
dv1_d033_p2_e.jpg;dv1_d033_e.jpg
dv1_d033_p3_c.jpg;dv1_d033_c.jpg
dv1_d033_p4_a.jpg;dv1_d033_a.jpg
dv1_d034_p1_b.jpg;dv1_d034_b.jpg
dv1_d034_p2_e.jpg;dv1_d034_e.jpg
dv1_d034_p3_a.jpg;dv1_d034_a.jpg
dv1_d034_p4_c.jpg;dv1_d034_c.jpg
dv1_d035_p1_a.jpg;dv1_d035_a.jpg
dv1_d035_p2_e.jpg;dv1_d035_e.jpg
dv1_d035_p3_b.jpg;dv1_d035_b.jpg
dv1_d035_p4_c.jpg;dv1_d035_c.jpg
dv1_d036_p1_b.jpg;dv1_d036_b.jpg
dv1_d036_p2_c.jpg;dv1_d036_c.jpg
dv1_d036_p3_e.jpg;dv1_d036_e.jpg
dv1_d036_p4_a.jpg;dv1_d036_a.jpg
dv1_d037_p1_a.jpg;dv1_d037_a.jpg
dv1_d037_p2_c.jpg;dv1_d037_c.jpg
dv1_d037_p3_e.jpg;dv1_d037_e.jpg
dv1_d037_p4_b.jpg;dv1_d037_b.jpg
dv1_d038_p1_e.jpg;dv1_d038_e.jpg
dv1_d038_p2_c.jpg;dv1_d038_c.jpg
dv1_d038_p3_b.jpg;dv1_d038_b.jpg
dv1_d038_p4_a.jpg;dv1_d038_a.jpg
dv1_d039_p1_c.jpg;dv1_d039_c.jpg
dv1_d039_p2_a.jpg;dv1_d039_a.jpg
dv1_d039_p3_b.jpg;dv1_d039_b.jpg
dv1_d039_p4_e.jpg;dv1_d039_e.jpg
dv1_d040_p1_a.jpg;dv1_d040_a.jpg
dv1_d040_p2_e.jpg;dv1_d040_e.jpg
dv1_d040_p3_c.jpg;dv1_d040_c.jpg
dv1_d040_p4_b.jpg;dv1_d040_b.jpg
dv1_d041_p1_c.jpg;dv1_d041_c.jpg
dv1_d041_p2_e.jpg;dv1_d041_e.jpg
dv1_d041_p3_a.jpg;dv1_d041_a.jpg
dv1_d041_p4_b.jpg;dv1_d041_b.jpg
dv1_d042_p1_b.jpg;dv1_d042_b.jpg
dv1_d042_p2_a.jpg;dv1_d042_a.jpg
dv1_d042_p3_e.jpg;dv1_d042_e.jpg
dv1_d042_p4_c.jpg;dv1_d042_c.jpg
dv1_d043_p1_b.jpg;dv1_d043_b.jpg
dv1_d043_p2_a.jpg;dv1_d043_a.jpg
dv1_d043_p3_e.jpg;dv1_d043_e.jpg
dv1_d043_p4_c.jpg;dv1_d043_c.jpg
dv1_d044_p1_a.jpg;dv1_d044_a.jpg
dv1_d044_p2_c.jpg;dv1_d044_c.jpg
dv1_d044_p3_e.jpg;dv1_d044_e.jpg
dv1_d044_p4_b.jpg;dv1_d044_b.jpg
dv1_d045_p1_b.jpg;dv1_d045_b.jpg
dv1_d045_p2_e.jpg;dv1_d045_e.jpg
dv1_d045_p3_c.jpg;dv1_d045_c.jpg
dv1_d045_p4_a.jpg;dv1_d045_a.jpg
dv1_d046_p1_b.jpg;dv1_d046_b.jpg
dv1_d046_p2_e.jpg;dv1_d046_e.jpg
dv1_d046_p3_c.jpg;dv1_d046_c.jpg
dv1_d046_p4_a.jpg;dv1_d046_a.jpg
dv1_d047_p1_c.jpg;dv1_d047_c.jpg
dv1_d047_p2_b.jpg;dv1_d047_b.jpg
dv1_d047_p3_a.jpg;dv1_d047_a.jpg
dv1_d047_p4_e.jpg;dv1_d047_e.jpg
dv1_d048_p1_e.jpg;dv1_d048_e.jpg
dv1_d048_p2_c.jpg;dv1_d048_c.jpg
dv1_d048_p3_b.jpg;dv1_d048_b.jpg
dv1_d048_p4_a.jpg;dv1_d048_a.jpg
dv1_d049_p1_c.jpg;dv1_d049_c.jpg
dv1_d049_p2_a.jpg;dv1_d049_a.jpg
dv1_d049_p3_b.jpg;dv1_d049_b.jpg
dv1_d049_p4_e.jpg;dv1_d049_e.jpg
dv1_d050_p1_e.jpg;dv1_d050_e.jpg
dv1_d050_p2_b.jpg;dv1_d050_b.jpg
dv1_d050_p3_a.jpg;dv1_d050_a.jpg
dv1_d050_p4_c.jpg;dv1_d050_c.jpg
dv1_d051_p1_a.jpg;dv1_d051_a.jpg
dv1_d051_p2_b.jpg;dv1_d051_b.jpg
dv1_d051_p3_e.jpg;dv1_d051_e.jpg
dv1_d051_p4_c.jpg;dv1_d051_c.jpg
dv1_d052_p1_c.jpg;dv1_d052_c.jpg
dv1_d052_p2_a.jpg;dv1_d052_a.jpg
dv1_d052_p3_b.jpg;dv1_d052_b.jpg
dv1_d052_p4_e.jpg;dv1_d052_e.jpg
old;new