b001_fp.jpg;bv1_b001_p2_fp.jpg
b002_fp.jpg;bv1_b002_p1_fp.jpg
b003_fp.jpg;bv1_b003_p3_fp.jpg
b004_fp.jpg;bv1_b004_p2_fp.jpg
b005_fp.jpg;bv1_b005_p3_fp.jpg
b006_fp.jpg;bv1_b006_p3_fp.jpg
b007_fp.jpg;bv1_b007_p2_fp.jpg
b008_fp.jpg;bv1_b008_p4_fp.jpg
b009_fp.jpg;bv1_b009_p4_fp.jpg
b010_fp.jpg;bv1_b010_p1_fp.jpg
b011_fp.jpg;bv1_b011_p1_fp.jpg
b012_fp.jpg;bv1_b012_p4_fp.jpg
b013_fp.jpg;bv1_b013_p1_fp.jpg
b014_fp.jpg;bv1_b014_p4_fp.jpg
b015_fp.jpg;bv1_b015_p2_fp.jpg
b016_fp.jpg;bv1_b016_p4_fp.jpg
b017_fp.jpg;bv1_b017_p3_fp.jpg
b018_fp.jpg;bv1_b018_p4_fp.jpg
b019_fp.jpg;bv1_b019_p1_fp.jpg
b020_fp.jpg;bv1_b020_p4_fp.jpg
b021_fp.jpg;bv1_b021_p2_fp.jpg
b022_fp.jpg;bv1_b022_p2_fp.jpg
b023_fp.jpg;bv1_b023_p3_fp.jpg
b024_fp.jpg;bv1_b024_p1_fp.jpg
b025_fp.jpg;bv1_b025_p1_fp.jpg
b026_fp.jpg;bv1_b026_p2_fp.jpg
b027_fp.jpg;bv1_b027_p1_fp.jpg
b028_fp.jpg;bv1_b028_p4_fp.jpg
b029_fp.jpg;bv1_b029_p1_fp.jpg
b030_fp.jpg;bv1_b030_p4_fp.jpg
b031_fp.jpg;bv1_b031_p4_fp.jpg
b032_fp.jpg;bv1_b032_p4_fp.jpg
b033_fp.jpg;bv1_b033_p1_fp.jpg
b034_fp.jpg;bv1_b034_p3_fp.jpg
b035_fp.jpg;bv1_b035_p3_fp.jpg
b036_fp.jpg;bv1_b036_p1_fp.jpg
b037_fp.jpg;bv1_b037_p2_fp.jpg
b038_fp.jpg;bv1_b038_p4_fp.jpg
b039_fp.jpg;bv1_b039_p1_fp.jpg
b040_fp.jpg;bv1_b040_p1_fp.jpg
b041_fp.jpg;bv1_b041_p2_fp.jpg
b042_fp.jpg;bv1_b042_p1_fp.jpg
b043_fp.jpg;bv1_b043_p2_fp.jpg
b044_fp.jpg;bv1_b044_p1_fp.jpg
b045_fp.jpg;bv1_b045_p3_fp.jpg
b046_fp.jpg;bv1_b046_p1_fp.jpg
b047_fp.jpg;bv1_b047_p4_fp.jpg
b048_fp.jpg;bv1_b048_p1_fp.jpg
b049_fp.jpg;bv1_b049_p2_fp.jpg
b050_fp.jpg;bv1_b050_p4_fp.jpg
b051_fp.jpg;bv1_b051_p3_fp.jpg
b052_fp.jpg;bv1_b052_p2_fp.jpg
b053_fp.jpg;bv1_b053_p4_fp.jpg
b054_fp.jpg;bv1_b054_p3_fp.jpg
b055_fp.jpg;bv1_b055_p2_fp.jpg
b056_fp.jpg;bv1_b056_p3_fp.jpg
b057_fp.jpg;bv1_b057_p1_fp.jpg
b058_fp.jpg;bv1_b058_p3_fp.jpg
b059_fp.jpg;bv1_b059_p3_fp.jpg
b060_fp.jpg;bv1_b060_p1_fp.jpg
b061_fp.jpg;bv1_b061_p4_fp.jpg
b062_fp.jpg;bv1_b062_p4_fp.jpg
b063_fp.jpg;bv1_b063_p4_fp.jpg
b064_fp.jpg;bv1_b064_p1_fp.jpg
b065_fp.jpg;bv1_b065_p1_fp.jpg
b066_fp.jpg;bv1_b066_p1_fp.jpg
b067_fp.jpg;bv1_b067_p2_fp.jpg
b068_fp.jpg;bv1_b068_p3_fp.jpg
b069_fp.jpg;bv1_b069_p4_fp.jpg
b070_fp.jpg;bv1_b070_p1_fp.jpg
b071_fp.jpg;bv1_b071_p4_fp.jpg
b072_fp.jpg;bv1_b072_p2_fp.jpg
b073_fp.jpg;bv1_b073_p3_fp.jpg
b074_fp.jpg;bv1_b074_p3_fp.jpg
b075_fp.jpg;bv1_b075_p1_fp.jpg
b076_fp.jpg;bv1_b076_p3_fp.jpg
b077_fp.jpg;bv1_b077_p4_fp.jpg
b078_fp.jpg;bv1_b078_p2_fp.jpg
b079_fp.jpg;bv1_b079_p1_fp.jpg
b080_fp.jpg;bv1_b080_p4_fp.jpg
b081_fp.jpg;bv1_b081_p1_fp.jpg
b082_fp.jpg;bv1_b082_p3_fp.jpg
b083_fp.jpg;bv1_b083_p1_fp.jpg
b084_fp.jpg;bv1_b084_p2_fp.jpg
b085_fp.jpg;bv1_b085_p3_fp.jpg
b086_fp.jpg;bv1_b086_p1_fp.jpg
b087_fp.jpg;bv1_b087_p4_fp.jpg
b088_fp.jpg;bv1_b088_p4_fp.jpg
b089_fp.jpg;bv1_b089_p3_fp.jpg
b090_fp.jpg;bv1_b090_p3_fp.jpg
b091_fp.jpg;bv1_b091_p1_fp.jpg
b092_fp.jpg;bv1_b092_p1_fp.jpg
b093_fp.jpg;bv1_b093_p3_fp.jpg
b094_fp.jpg;bv1_b094_p3_fp.jpg
b095_fp.jpg;bv1_b095_p4_fp.jpg
b096_fp.jpg;bv1_b096_p2_fp.jpg
b097_fp.jpg;bv1_b097_p3_fp.jpg
b098_fp.jpg;bv1_b098_p1_fp.jpg
b099_fp.jpg;bv1_b099_p2_fp.jpg
b100_fp.jpg;bv1_b100_p1_fp.jpg
b101_fp.jpg;bv1_b101_p2_fp.jpg
b102_fp.jpg;bv1_b102_p1_fp.jpg
b103_fp.jpg;bv1_b103_p2_fp.jpg
b104_fp.jpg;bv1_b104_p4_fp.jpg
b105_fp.jpg;bv1_b105_p2_fp.jpg
b106_fp.jpg;bv1_b106_p4_fp.jpg
b107_fp.jpg;bv1_b107_p2_fp.jpg
b108_fp.jpg;bv1_b108_p4_fp.jpg
b001_fs.jpg;bv1_b001_p4_fs.jpg
b002_fs.jpg;bv1_b002_p2_fs.jpg
b003_fs.jpg;bv1_b003_p2_fs.jpg
b004_fs.jpg;bv1_b004_p1_fs.jpg
b005_fs.jpg;bv1_b005_p1_fs.jpg
b006_fs.jpg;bv1_b006_p1_fs.jpg
b007_fs.jpg;bv1_b007_p1_fs.jpg
b008_fs.jpg;bv1_b008_p2_fs.jpg
b009_fs.jpg;bv1_b009_p1_fs.jpg
b010_fs.jpg;bv1_b010_p2_fs.jpg
b011_fs.jpg;bv1_b011_p2_fs.jpg
b012_fs.jpg;bv1_b012_p3_fs.jpg
b013_fs.jpg;bv1_b013_p4_fs.jpg
b014_fs.jpg;bv1_b014_p2_fs.jpg
b015_fs.jpg;bv1_b015_p1_fs.jpg
b016_fs.jpg;bv1_b016_p3_fs.jpg
b017_fs.jpg;bv1_b017_p1_fs.jpg
b018_fs.jpg;bv1_b018_p2_fs.jpg
b019_fs.jpg;bv1_b019_p4_fs.jpg
b020_fs.jpg;bv1_b020_p1_fs.jpg
b021_fs.jpg;bv1_b021_p3_fs.jpg
b022_fs.jpg;bv1_b022_p4_fs.jpg
b023_fs.jpg;bv1_b023_p4_fs.jpg
b024_fs.jpg;bv1_b024_p2_fs.jpg
b025_fs.jpg;bv1_b025_p2_fs.jpg
b026_fs.jpg;bv1_b026_p1_fs.jpg
b027_fs.jpg;bv1_b027_p4_fs.jpg
b028_fs.jpg;bv1_b028_p1_fs.jpg
b029_fs.jpg;bv1_b029_p4_fs.jpg
b030_fs.jpg;bv1_b030_p2_fs.jpg
b031_fs.jpg;bv1_b031_p3_fs.jpg
b032_fs.jpg;bv1_b032_p2_fs.jpg
b033_fs.jpg;bv1_b033_p4_fs.jpg
b034_fs.jpg;bv1_b034_p4_fs.jpg
b035_fs.jpg;bv1_b035_p2_fs.jpg
b036_fs.jpg;bv1_b036_p2_fs.jpg
b037_fs.jpg;bv1_b037_p4_fs.jpg
b038_fs.jpg;bv1_b038_p3_fs.jpg
b039_fs.jpg;bv1_b039_p4_fs.jpg
b040_fs.jpg;bv1_b040_p3_fs.jpg
b041_fs.jpg;bv1_b041_p1_fs.jpg
b042_fs.jpg;bv1_b042_p4_fs.jpg
b043_fs.jpg;bv1_b043_p1_fs.jpg
b044_fs.jpg;bv1_b044_p2_fs.jpg
b045_fs.jpg;bv1_b045_p4_fs.jpg
b046_fs.jpg;bv1_b046_p2_fs.jpg
b047_fs.jpg;bv1_b047_p2_fs.jpg
b048_fs.jpg;bv1_b048_p3_fs.jpg
b049_fs.jpg;bv1_b049_p1_fs.jpg
b050_fs.jpg;bv1_b050_p3_fs.jpg
b051_fs.jpg;bv1_b051_p4_fs.jpg
b052_fs.jpg;bv1_b052_p4_fs.jpg
b053_fs.jpg;bv1_b053_p2_fs.jpg
b054_fs.jpg;bv1_b054_p4_fs.jpg
b055_fs.jpg;bv1_b055_p3_fs.jpg
b056_fs.jpg;bv1_b056_p1_fs.jpg
b057_fs.jpg;bv1_b057_p4_fs.jpg
b058_fs.jpg;bv1_b058_p4_fs.jpg
b059_fs.jpg;bv1_b059_p2_fs.jpg
b060_fs.jpg;bv1_b060_p2_fs.jpg
b061_fs.jpg;bv1_b061_p3_fs.jpg
b062_fs.jpg;bv1_b062_p2_fs.jpg
b063_fs.jpg;bv1_b063_p1_fs.jpg
b064_fs.jpg;bv1_b064_p4_fs.jpg
b065_fs.jpg;bv1_b065_p4_fs.jpg
b066_fs.jpg;bv1_b066_p2_fs.jpg
b067_fs.jpg;bv1_b067_p4_fs.jpg
b068_fs.jpg;bv1_b068_p4_fs.jpg
b069_fs.jpg;bv1_b069_p1_fs.jpg
b070_fs.jpg;bv1_b070_p4_fs.jpg
b071_fs.jpg;bv1_b071_p2_fs.jpg
b072_fs.jpg;bv1_b072_p3_fs.jpg
b073_fs.jpg;bv1_b073_p4_fs.jpg
b074_fs.jpg;bv1_b074_p1_fs.jpg
b075_fs.jpg;bv1_b075_p3_fs.jpg
b076_fs.jpg;bv1_b076_p1_fs.jpg
b077_fs.jpg;bv1_b077_p1_fs.jpg
b078_fs.jpg;bv1_b078_p3_fs.jpg
b079_fs.jpg;bv1_b079_p4_fs.jpg
b080_fs.jpg;bv1_b080_p3_fs.jpg
b081_fs.jpg;bv1_b081_p3_fs.jpg
b082_fs.jpg;bv1_b082_p2_fs.jpg
b083_fs.jpg;bv1_b083_p3_fs.jpg
b084_fs.jpg;bv1_b084_p1_fs.jpg
b085_fs.jpg;bv1_b085_p2_fs.jpg
b086_fs.jpg;bv1_b086_p3_fs.jpg
b087_fs.jpg;bv1_b087_p1_fs.jpg
b088_fs.jpg;bv1_b088_p1_fs.jpg
b089_fs.jpg;bv1_b089_p2_fs.jpg
b090_fs.jpg;bv1_b090_p1_fs.jpg
b091_fs.jpg;bv1_b091_p3_fs.jpg
b092_fs.jpg;bv1_b092_p4_fs.jpg
b093_fs.jpg;bv1_b093_p2_fs.jpg
b094_fs.jpg;bv1_b094_p1_fs.jpg
b095_fs.jpg;bv1_b095_p3_fs.jpg
b096_fs.jpg;bv1_b096_p4_fs.jpg
b097_fs.jpg;bv1_b097_p2_fs.jpg
b098_fs.jpg;bv1_b098_p4_fs.jpg
b099_fs.jpg;bv1_b099_p4_fs.jpg
b100_fs.jpg;bv1_b100_p4_fs.jpg
b101_fs.jpg;bv1_b101_p4_fs.jpg
b102_fs.jpg;bv1_b102_p3_fs.jpg
b103_fs.jpg;bv1_b103_p3_fs.jpg
b104_fs.jpg;bv1_b104_p3_fs.jpg
b105_fs.jpg;bv1_b105_p4_fs.jpg
b106_fs.jpg;bv1_b106_p3_fs.jpg
b107_fs.jpg;bv1_b107_p1_fs.jpg
b108_fs.jpg;bv1_b108_p1_fs.jpg
b001_fx.jpg;bv1_b001_p3_fx.jpg
b002_fx.jpg;bv1_b002_p3_fx.jpg
b003_fx.jpg;bv1_b003_p1_fx.jpg
b004_fx.jpg;bv1_b004_p3_fx.jpg
b005_fx.jpg;bv1_b005_p2_fx.jpg
b006_fx.jpg;bv1_b006_p2_fx.jpg
b007_fx.jpg;bv1_b007_p4_fx.jpg
b008_fx.jpg;bv1_b008_p3_fx.jpg
b009_fx.jpg;bv1_b009_p2_fx.jpg
b010_fx.jpg;bv1_b010_p4_fx.jpg
b011_fx.jpg;bv1_b011_p3_fx.jpg
b012_fx.jpg;bv1_b012_p1_fx.jpg
b013_fx.jpg;bv1_b013_p2_fx.jpg
b014_fx.jpg;bv1_b014_p1_fx.jpg
b015_fx.jpg;bv1_b015_p4_fx.jpg
b016_fx.jpg;bv1_b016_p2_fx.jpg
b017_fx.jpg;bv1_b017_p4_fx.jpg
b018_fx.jpg;bv1_b018_p1_fx.jpg
b019_fx.jpg;bv1_b019_p2_fx.jpg
b020_fx.jpg;bv1_b020_p3_fx.jpg
b021_fx.jpg;bv1_b021_p1_fx.jpg
b022_fx.jpg;bv1_b022_p3_fx.jpg
b023_fx.jpg;bv1_b023_p2_fx.jpg
b024_fx.jpg;bv1_b024_p4_fx.jpg
b025_fx.jpg;bv1_b025_p4_fx.jpg
b026_fx.jpg;bv1_b026_p3_fx.jpg
b027_fx.jpg;bv1_b027_p2_fx.jpg
b028_fx.jpg;bv1_b028_p2_fx.jpg
b029_fx.jpg;bv1_b029_p3_fx.jpg
b030_fx.jpg;bv1_b030_p3_fx.jpg
b031_fx.jpg;bv1_b031_p1_fx.jpg
b032_fx.jpg;bv1_b032_p3_fx.jpg
b033_fx.jpg;bv1_b033_p2_fx.jpg
b034_fx.jpg;bv1_b034_p1_fx.jpg
b035_fx.jpg;bv1_b035_p4_fx.jpg
b036_fx.jpg;bv1_b036_p3_fx.jpg
b037_fx.jpg;bv1_b037_p1_fx.jpg
b038_fx.jpg;bv1_b038_p2_fx.jpg
b039_fx.jpg;bv1_b039_p2_fx.jpg
b040_fx.jpg;bv1_b040_p2_fx.jpg
b041_fx.jpg;bv1_b041_p3_fx.jpg
b042_fx.jpg;bv1_b042_p2_fx.jpg
b043_fx.jpg;bv1_b043_p3_fx.jpg
b044_fx.jpg;bv1_b044_p4_fx.jpg
b045_fx.jpg;bv1_b045_p1_fx.jpg
b046_fx.jpg;bv1_b046_p4_fx.jpg
b047_fx.jpg;bv1_b047_p1_fx.jpg
b048_fx.jpg;bv1_b048_p2_fx.jpg
b049_fx.jpg;bv1_b049_p4_fx.jpg
b050_fx.jpg;bv1_b050_p2_fx.jpg
b051_fx.jpg;bv1_b051_p1_fx.jpg
b052_fx.jpg;bv1_b052_p3_fx.jpg
b053_fx.jpg;bv1_b053_p3_fx.jpg
b054_fx.jpg;bv1_b054_p1_fx.jpg
b055_fx.jpg;bv1_b055_p1_fx.jpg
b056_fx.jpg;bv1_b056_p2_fx.jpg
b057_fx.jpg;bv1_b057_p3_fx.jpg
b058_fx.jpg;bv1_b058_p2_fx.jpg
b059_fx.jpg;bv1_b059_p1_fx.jpg
b060_fx.jpg;bv1_b060_p3_fx.jpg
b061_fx.jpg;bv1_b061_p1_fx.jpg
b062_fx.jpg;bv1_b062_p3_fx.jpg
b063_fx.jpg;bv1_b063_p2_fx.jpg
b064_fx.jpg;bv1_b064_p3_fx.jpg
b065_fx.jpg;bv1_b065_p3_fx.jpg
b066_fx.jpg;bv1_b066_p4_fx.jpg
b067_fx.jpg;bv1_b067_p3_fx.jpg
b068_fx.jpg;bv1_b068_p1_fx.jpg
b069_fx.jpg;bv1_b069_p2_fx.jpg
b070_fx.jpg;bv1_b070_p2_fx.jpg
b071_fx.jpg;bv1_b071_p3_fx.jpg
b072_fx.jpg;bv1_b072_p1_fx.jpg
b073_fx.jpg;bv1_b073_p1_fx.jpg
b074_fx.jpg;bv1_b074_p4_fx.jpg
b075_fx.jpg;bv1_b075_p2_fx.jpg
b076_fx.jpg;bv1_b076_p4_fx.jpg
b077_fx.jpg;bv1_b077_p3_fx.jpg
b078_fx.jpg;bv1_b078_p1_fx.jpg
b079_fx.jpg;bv1_b079_p2_fx.jpg
b080_fx.jpg;bv1_b080_p2_fx.jpg
b081_fx.jpg;bv1_b081_p4_fx.jpg
b082_fx.jpg;bv1_b082_p1_fx.jpg
b083_fx.jpg;bv1_b083_p2_fx.jpg
b084_fx.jpg;bv1_b084_p4_fx.jpg
b085_fx.jpg;bv1_b085_p1_fx.jpg
b086_fx.jpg;bv1_b086_p4_fx.jpg
b087_fx.jpg;bv1_b087_p3_fx.jpg
b088_fx.jpg;bv1_b088_p3_fx.jpg
b089_fx.jpg;bv1_b089_p4_fx.jpg
b090_fx.jpg;bv1_b090_p4_fx.jpg
b091_fx.jpg;bv1_b091_p2_fx.jpg
b092_fx.jpg;bv1_b092_p2_fx.jpg
b093_fx.jpg;bv1_b093_p4_fx.jpg
b094_fx.jpg;bv1_b094_p2_fx.jpg
b095_fx.jpg;bv1_b095_p2_fx.jpg
b096_fx.jpg;bv1_b096_p1_fx.jpg
b097_fx.jpg;bv1_b097_p4_fx.jpg
b098_fx.jpg;bv1_b098_p3_fx.jpg
b099_fx.jpg;bv1_b099_p1_fx.jpg
b100_fx.jpg;bv1_b100_p2_fx.jpg
b101_fx.jpg;bv1_b101_p3_fx.jpg
b102_fx.jpg;bv1_b102_p4_fx.jpg
b103_fx.jpg;bv1_b103_p4_fx.jpg
b104_fx.jpg;bv1_b104_p2_fx.jpg
b105_fx.jpg;bv1_b105_p1_fx.jpg
b106_fx.jpg;bv1_b106_p2_fx.jpg
b107_fx.jpg;bv1_b107_p4_fx.jpg
b108_fx.jpg;bv1_b108_p2_fx.jpg
b001_tw.jpg;bv1_b001_p1_tw.jpg
b002_tw.jpg;bv1_b002_p4_tw.jpg
b003_tw.jpg;bv1_b003_p4_tw.jpg
b004_tw.jpg;bv1_b004_p4_tw.jpg
b005_tw.jpg;bv1_b005_p4_tw.jpg
b006_tw.jpg;bv1_b006_p4_tw.jpg
b007_tw.jpg;bv1_b007_p3_tw.jpg
b008_tw.jpg;bv1_b008_p1_tw.jpg
b009_tw.jpg;bv1_b009_p3_tw.jpg
b010_tw.jpg;bv1_b010_p3_tw.jpg
b011_tw.jpg;bv1_b011_p4_tw.jpg
b012_tw.jpg;bv1_b012_p2_tw.jpg
b013_tw.jpg;bv1_b013_p3_tw.jpg
b014_tw.jpg;bv1_b014_p3_tw.jpg
b015_tw.jpg;bv1_b015_p3_tw.jpg
b016_tw.jpg;bv1_b016_p1_tw.jpg
b017_tw.jpg;bv1_b017_p2_tw.jpg
b018_tw.jpg;bv1_b018_p3_tw.jpg
b019_tw.jpg;bv1_b019_p3_tw.jpg
b020_tw.jpg;bv1_b020_p2_tw.jpg
b021_tw.jpg;bv1_b021_p4_tw.jpg
b022_tw.jpg;bv1_b022_p1_tw.jpg
b023_tw.jpg;bv1_b023_p1_tw.jpg
b024_tw.jpg;bv1_b024_p3_tw.jpg
b025_tw.jpg;bv1_b025_p3_tw.jpg
b026_tw.jpg;bv1_b026_p4_tw.jpg
b027_tw.jpg;bv1_b027_p3_tw.jpg
b028_tw.jpg;bv1_b028_p3_tw.jpg
b029_tw.jpg;bv1_b029_p2_tw.jpg
b030_tw.jpg;bv1_b030_p1_tw.jpg
b031_tw.jpg;bv1_b031_p2_tw.jpg
b032_tw.jpg;bv1_b032_p1_tw.jpg
b033_tw.jpg;bv1_b033_p3_tw.jpg
b034_tw.jpg;bv1_b034_p2_tw.jpg
b035_tw.jpg;bv1_b035_p1_tw.jpg
b036_tw.jpg;bv1_b036_p4_tw.jpg
b037_tw.jpg;bv1_b037_p3_tw.jpg
b038_tw.jpg;bv1_b038_p1_tw.jpg
b039_tw.jpg;bv1_b039_p3_tw.jpg
b040_tw.jpg;bv1_b040_p4_tw.jpg
b041_tw.jpg;bv1_b041_p4_tw.jpg
b042_tw.jpg;bv1_b042_p3_tw.jpg
b043_tw.jpg;bv1_b043_p4_tw.jpg
b044_tw.jpg;bv1_b044_p3_tw.jpg
b045_tw.jpg;bv1_b045_p2_tw.jpg
b046_tw.jpg;bv1_b046_p3_tw.jpg
b047_tw.jpg;bv1_b047_p3_tw.jpg
b048_tw.jpg;bv1_b048_p4_tw.jpg
b049_tw.jpg;bv1_b049_p3_tw.jpg
b050_tw.jpg;bv1_b050_p1_tw.jpg
b051_tw.jpg;bv1_b051_p2_tw.jpg
b052_tw.jpg;bv1_b052_p1_tw.jpg
b053_tw.jpg;bv1_b053_p1_tw.jpg
b054_tw.jpg;bv1_b054_p2_tw.jpg
b055_tw.jpg;bv1_b055_p4_tw.jpg
b056_tw.jpg;bv1_b056_p4_tw.jpg
b057_tw.jpg;bv1_b057_p2_tw.jpg
b058_tw.jpg;bv1_b058_p1_tw.jpg
b059_tw.jpg;bv1_b059_p4_tw.jpg
b060_tw.jpg;bv1_b060_p4_tw.jpg
b061_tw.jpg;bv1_b061_p2_tw.jpg
b062_tw.jpg;bv1_b062_p1_tw.jpg
b063_tw.jpg;bv1_b063_p3_tw.jpg
b064_tw.jpg;bv1_b064_p2_tw.jpg
b065_tw.jpg;bv1_b065_p2_tw.jpg
b066_tw.jpg;bv1_b066_p3_tw.jpg
b067_tw.jpg;bv1_b067_p1_tw.jpg
b068_tw.jpg;bv1_b068_p2_tw.jpg
b069_tw.jpg;bv1_b069_p3_tw.jpg
b070_tw.jpg;bv1_b070_p3_tw.jpg
b071_tw.jpg;bv1_b071_p1_tw.jpg
b072_tw.jpg;bv1_b072_p4_tw.jpg
b073_tw.jpg;bv1_b073_p2_tw.jpg
b074_tw.jpg;bv1_b074_p2_tw.jpg
b075_tw.jpg;bv1_b075_p4_tw.jpg
b076_tw.jpg;bv1_b076_p2_tw.jpg
b077_tw.jpg;bv1_b077_p2_tw.jpg
b078_tw.jpg;bv1_b078_p4_tw.jpg
b079_tw.jpg;bv1_b079_p3_tw.jpg
b080_tw.jpg;bv1_b080_p1_tw.jpg
b081_tw.jpg;bv1_b081_p2_tw.jpg
b082_tw.jpg;bv1_b082_p4_tw.jpg
b083_tw.jpg;bv1_b083_p4_tw.jpg
b084_tw.jpg;bv1_b084_p3_tw.jpg
b085_tw.jpg;bv1_b085_p4_tw.jpg
b086_tw.jpg;bv1_b086_p2_tw.jpg
b087_tw.jpg;bv1_b087_p2_tw.jpg
b088_tw.jpg;bv1_b088_p2_tw.jpg
b089_tw.jpg;bv1_b089_p1_tw.jpg
b090_tw.jpg;bv1_b090_p2_tw.jpg
b091_tw.jpg;bv1_b091_p4_tw.jpg
b092_tw.jpg;bv1_b092_p3_tw.jpg
b093_tw.jpg;bv1_b093_p1_tw.jpg
b094_tw.jpg;bv1_b094_p4_tw.jpg
b095_tw.jpg;bv1_b095_p1_tw.jpg
b096_tw.jpg;bv1_b096_p3_tw.jpg
b097_tw.jpg;bv1_b097_p1_tw.jpg
b098_tw.jpg;bv1_b098_p2_tw.jpg
b099_tw.jpg;bv1_b099_p3_tw.jpg
b100_tw.jpg;bv1_b100_p3_tw.jpg
b101_tw.jpg;bv1_b101_p1_tw.jpg
b102_tw.jpg;bv1_b102_p2_tw.jpg
b103_tw.jpg;bv1_b103_p1_tw.jpg
b104_tw.jpg;bv1_b104_p1_tw.jpg
b105_tw.jpg;bv1_b105_p3_tw.jpg
b106_tw.jpg;bv1_b106_p1_tw.jpg
b107_tw.jpg;bv1_b107_p3_tw.jpg
b108_tw.jpg;bv1_b108_p3_tw.jpg