d001_a.jpg;dv1_d001_p2_a.jpg
d002_a.jpg;dv1_d002_p1_a.jpg
d003_a.jpg;dv1_d003_p3_a.jpg
d004_a.jpg;dv1_d004_p4_a.jpg
d005_a.jpg;dv1_d005_p2_a.jpg
d006_a.jpg;dv1_d006_p4_a.jpg
d007_a.jpg;dv1_d007_p4_a.jpg
d008_a.jpg;dv1_d008_p2_a.jpg
d009_a.jpg;dv1_d009_p1_a.jpg
d010_a.jpg;dv1_d010_p1_a.jpg
d011_a.jpg;dv1_d011_p3_a.jpg
d012_a.jpg;dv1_d012_p4_a.jpg
d013_a.jpg;dv1_d013_p2_a.jpg
d014_a.jpg;dv1_d014_p4_a.jpg
d015_a.jpg;dv1_d015_p3_a.jpg
d016_a.jpg;dv1_d016_p3_a.jpg
d017_a.jpg;dv1_d017_p4_a.jpg
d018_a.jpg;dv1_d018_p1_a.jpg
d019_a.jpg;dv1_d019_p4_a.jpg
d020_a.jpg;dv1_d020_p3_a.jpg
d021_a.jpg;dv1_d021_p1_a.jpg
d022_a.jpg;dv1_d022_p4_a.jpg
d023_a.jpg;dv1_d023_p4_a.jpg
d024_a.jpg;dv1_d024_p2_a.jpg
d025_a.jpg;dv1_d025_p2_a.jpg
d026_a.jpg;dv1_d026_p1_a.jpg
d027_a.jpg;dv1_d027_p1_a.jpg
d028_a.jpg;dv1_d028_p2_a.jpg
d029_a.jpg;dv1_d029_p3_a.jpg
d030_a.jpg;dv1_d030_p1_a.jpg
d031_a.jpg;dv1_d031_p2_a.jpg
d032_a.jpg;dv1_d032_p4_a.jpg
d033_a.jpg;dv1_d033_p4_a.jpg
d034_a.jpg;dv1_d034_p3_a.jpg
d035_a.jpg;dv1_d035_p1_a.jpg
d036_a.jpg;dv1_d036_p4_a.jpg
d037_a.jpg;dv1_d037_p1_a.jpg
d038_a.jpg;dv1_d038_p4_a.jpg
d039_a.jpg;dv1_d039_p2_a.jpg
d040_a.jpg;dv1_d040_p1_a.jpg
d041_a.jpg;dv1_d041_p3_a.jpg
d042_a.jpg;dv1_d042_p2_a.jpg
d043_a.jpg;dv1_d043_p2_a.jpg
d044_a.jpg;dv1_d044_p1_a.jpg
d045_a.jpg;dv1_d045_p4_a.jpg
d046_a.jpg;dv1_d046_p4_a.jpg
d047_a.jpg;dv1_d047_p3_a.jpg
d048_a.jpg;dv1_d048_p4_a.jpg
d049_a.jpg;dv1_d049_p2_a.jpg
d050_a.jpg;dv1_d050_p3_a.jpg
d051_a.jpg;dv1_d051_p1_a.jpg
d052_a.jpg;dv1_d052_p2_a.jpg
d001_b.jpg;dv1_d001_p1_b.jpg
d002_b.jpg;dv1_d002_p4_b.jpg
d003_b.jpg;dv1_d003_p4_b.jpg
d004_b.jpg;dv1_d004_p3_b.jpg
d005_b.jpg;dv1_d005_p4_b.jpg
d006_b.jpg;dv1_d006_p2_b.jpg
d007_b.jpg;dv1_d007_p1_b.jpg
d008_b.jpg;dv1_d008_p1_b.jpg
d009_b.jpg;dv1_d009_p4_b.jpg
d010_b.jpg;dv1_d010_p2_b.jpg
d011_b.jpg;dv1_d011_p1_b.jpg
d012_b.jpg;dv1_d012_p3_b.jpg
d013_b.jpg;dv1_d013_p3_b.jpg
d014_b.jpg;dv1_d014_p1_b.jpg
d015_b.jpg;dv1_d015_p2_b.jpg
d016_b.jpg;dv1_d016_p4_b.jpg
d017_b.jpg;dv1_d017_p2_b.jpg
d018_b.jpg;dv1_d018_p2_b.jpg
d019_b.jpg;dv1_d019_p3_b.jpg
d020_b.jpg;dv1_d020_p2_b.jpg
d021_b.jpg;dv1_d021_p3_b.jpg
d022_b.jpg;dv1_d022_p3_b.jpg
d023_b.jpg;dv1_d023_p2_b.jpg
d024_b.jpg;dv1_d024_p1_b.jpg
d025_b.jpg;dv1_d025_p3_b.jpg
d026_b.jpg;dv1_d026_p4_b.jpg
d027_b.jpg;dv1_d027_p4_b.jpg
d028_b.jpg;dv1_d028_p3_b.jpg
d029_b.jpg;dv1_d029_p2_b.jpg
d030_b.jpg;dv1_d030_p3_b.jpg
d031_b.jpg;dv1_d031_p3_b.jpg
d032_b.jpg;dv1_d032_p2_b.jpg
d033_b.jpg;dv1_d033_p1_b.jpg
d034_b.jpg;dv1_d034_p1_b.jpg
d035_b.jpg;dv1_d035_p3_b.jpg
d036_b.jpg;dv1_d036_p1_b.jpg
d037_b.jpg;dv1_d037_p4_b.jpg
d038_b.jpg;dv1_d038_p3_b.jpg
d039_b.jpg;dv1_d039_p3_b.jpg
d040_b.jpg;dv1_d040_p4_b.jpg
d041_b.jpg;dv1_d041_p4_b.jpg
d042_b.jpg;dv1_d042_p1_b.jpg
d043_b.jpg;dv1_d043_p1_b.jpg
d044_b.jpg;dv1_d044_p4_b.jpg
d045_b.jpg;dv1_d045_p1_b.jpg
d046_b.jpg;dv1_d046_p1_b.jpg
d047_b.jpg;dv1_d047_p2_b.jpg
d048_b.jpg;dv1_d048_p3_b.jpg
d049_b.jpg;dv1_d049_p3_b.jpg
d050_b.jpg;dv1_d050_p2_b.jpg
d051_b.jpg;dv1_d051_p2_b.jpg
d052_b.jpg;dv1_d052_p3_b.jpg
d001_c.jpg;dv1_d001_p3_c.jpg
d002_c.jpg;dv1_d002_p3_c.jpg
d003_c.jpg;dv1_d003_p1_c.jpg
d004_c.jpg;dv1_d004_p1_c.jpg
d005_c.jpg;dv1_d005_p3_c.jpg
d006_c.jpg;dv1_d006_p1_c.jpg
d007_c.jpg;dv1_d007_p3_c.jpg
d008_c.jpg;dv1_d008_p4_c.jpg
d009_c.jpg;dv1_d009_p2_c.jpg
d010_c.jpg;dv1_d010_p4_c.jpg
d011_c.jpg;dv1_d011_p2_c.jpg
d012_c.jpg;dv1_d012_p1_c.jpg
d013_c.jpg;dv1_d013_p4_c.jpg
d014_c.jpg;dv1_d014_p3_c.jpg
d015_c.jpg;dv1_d015_p1_c.jpg
d016_c.jpg;dv1_d016_p1_c.jpg
d017_c.jpg;dv1_d017_p3_c.jpg
d018_c.jpg;dv1_d018_p4_c.jpg
d019_c.jpg;dv1_d019_p1_c.jpg
d020_c.jpg;dv1_d020_p4_c.jpg
d021_c.jpg;dv1_d021_p4_c.jpg
d022_c.jpg;dv1_d022_p1_c.jpg
d023_c.jpg;dv1_d023_p1_c.jpg
d024_c.jpg;dv1_d024_p3_c.jpg
d025_c.jpg;dv1_d025_p1_c.jpg
d026_c.jpg;dv1_d026_p2_c.jpg
d027_c.jpg;dv1_d027_p3_c.jpg
d028_c.jpg;dv1_d028_p1_c.jpg
d029_c.jpg;dv1_d029_p1_c.jpg
d030_c.jpg;dv1_d030_p4_c.jpg
d031_c.jpg;dv1_d031_p4_c.jpg
d032_c.jpg;dv1_d032_p3_c.jpg
d033_c.jpg;dv1_d033_p3_c.jpg
d034_c.jpg;dv1_d034_p4_c.jpg
d035_c.jpg;dv1_d035_p4_c.jpg
d036_c.jpg;dv1_d036_p2_c.jpg
d037_c.jpg;dv1_d037_p2_c.jpg
d038_c.jpg;dv1_d038_p2_c.jpg
d039_c.jpg;dv1_d039_p1_c.jpg
d040_c.jpg;dv1_d040_p3_c.jpg
d041_c.jpg;dv1_d041_p1_c.jpg
d042_c.jpg;dv1_d042_p4_c.jpg
d043_c.jpg;dv1_d043_p4_c.jpg
d044_c.jpg;dv1_d044_p2_c.jpg
d045_c.jpg;dv1_d045_p3_c.jpg
d046_c.jpg;dv1_d046_p3_c.jpg
d047_c.jpg;dv1_d047_p1_c.jpg
d048_c.jpg;dv1_d048_p2_c.jpg
d049_c.jpg;dv1_d049_p1_c.jpg
d050_c.jpg;dv1_d050_p4_c.jpg
d051_c.jpg;dv1_d051_p4_c.jpg
d052_c.jpg;dv1_d052_p1_c.jpg
d001_e.jpg;dv1_d001_p4_e.jpg
d002_e.jpg;dv1_d002_p2_e.jpg
d003_e.jpg;dv1_d003_p2_e.jpg
d004_e.jpg;dv1_d004_p2_e.jpg
d005_e.jpg;dv1_d005_p1_e.jpg
d006_e.jpg;dv1_d006_p3_e.jpg
d007_e.jpg;dv1_d007_p2_e.jpg
d008_e.jpg;dv1_d008_p3_e.jpg
d009_e.jpg;dv1_d009_p3_e.jpg
d010_e.jpg;dv1_d010_p3_e.jpg
d011_e.jpg;dv1_d011_p4_e.jpg
d012_e.jpg;dv1_d012_p2_e.jpg
d013_e.jpg;dv1_d013_p1_e.jpg
d014_e.jpg;dv1_d014_p2_e.jpg
d015_e.jpg;dv1_d015_p4_e.jpg
d016_e.jpg;dv1_d016_p2_e.jpg
d017_e.jpg;dv1_d017_p1_e.jpg
d018_e.jpg;dv1_d018_p3_e.jpg
d019_e.jpg;dv1_d019_p2_e.jpg
d020_e.jpg;dv1_d020_p1_e.jpg
d021_e.jpg;dv1_d021_p2_e.jpg
d022_e.jpg;dv1_d022_p2_e.jpg
d023_e.jpg;dv1_d023_p3_e.jpg
d024_e.jpg;dv1_d024_p4_e.jpg
d025_e.jpg;dv1_d025_p4_e.jpg
d026_e.jpg;dv1_d026_p3_e.jpg
d027_e.jpg;dv1_d027_p2_e.jpg
d028_e.jpg;dv1_d028_p4_e.jpg
d029_e.jpg;dv1_d029_p4_e.jpg
d030_e.jpg;dv1_d030_p2_e.jpg
d031_e.jpg;dv1_d031_p1_e.jpg
d032_e.jpg;dv1_d032_p1_e.jpg
d033_e.jpg;dv1_d033_p2_e.jpg
d034_e.jpg;dv1_d034_p2_e.jpg
d035_e.jpg;dv1_d035_p2_e.jpg
d036_e.jpg;dv1_d036_p3_e.jpg
d037_e.jpg;dv1_d037_p3_e.jpg
d038_e.jpg;dv1_d038_p1_e.jpg
d039_e.jpg;dv1_d039_p4_e.jpg
d040_e.jpg;dv1_d040_p2_e.jpg
d041_e.jpg;dv1_d041_p2_e.jpg
d042_e.jpg;dv1_d042_p3_e.jpg
d043_e.jpg;dv1_d043_p3_e.jpg
d044_e.jpg;dv1_d044_p3_e.jpg
d045_e.jpg;dv1_d045_p2_e.jpg
d046_e.jpg;dv1_d046_p2_e.jpg
d047_e.jpg;dv1_d047_p4_e.jpg
d048_e.jpg;dv1_d048_p1_e.jpg
d049_e.jpg;dv1_d049_p4_e.jpg
d050_e.jpg;dv1_d050_p1_e.jpg
d051_e.jpg;dv1_d051_p3_e.jpg
d052_e.jpg;dv1_d052_p4_e.jpg